{
    "name": "root",
    "gauges": {
        "Tears.Policy.Entropy.mean": {
            "value": 1.7811081409454346,
            "min": 1.7423620223999023,
            "max": 3.4007575511932373,
            "count": 300
        },
        "Tears.Policy.Entropy.sum": {
            "value": 8891.2919921875,
            "min": 8697.87109375,
            "max": 18282.328125,
            "count": 300
        },
        "Tears.Move.Down.mean": {
            "value": 0.19491185897435898,
            "min": 0.1674679487179487,
            "max": 0.38501602564102566,
            "count": 300
        },
        "Tears.Move.Down.sum": {
            "value": 4865.0,
            "min": 4180.0,
            "max": 9965.0,
            "count": 300
        },
        "Tears.Move.Up.mean": {
            "value": 0.21935096153846154,
            "min": 0.10556891025641026,
            "max": 0.2646233974358974,
            "count": 300
        },
        "Tears.Move.Up.sum": {
            "value": 5475.0,
            "min": 2635.0,
            "max": 6605.0,
            "count": 300
        },
        "Tears.Move.Left.mean": {
            "value": 0.2189503205128205,
            "min": 0.11478365384615384,
            "max": 0.2512019230769231,
            "count": 300
        },
        "Tears.Move.Left.sum": {
            "value": 5465.0,
            "min": 2865.0,
            "max": 6270.0,
            "count": 300
        },
        "Tears.Move.Right.mean": {
            "value": 0.2327724358974359,
            "min": 0.14443108974358973,
            "max": 0.3094951923076923,
            "count": 300
        },
        "Tears.Move.Right.sum": {
            "value": 5810.0,
            "min": 3605.0,
            "max": 7725.0,
            "count": 300
        },
        "Tears.Move.None.mean": {
            "value": 0.13401442307692307,
            "min": 0.07692307692307693,
            "max": 0.24178685897435898,
            "count": 300
        },
        "Tears.Move.None.sum": {
            "value": 3345.0,
            "min": 1920.0,
            "max": 6035.0,
            "count": 300
        },
        "Tears.Rotate.Right.mean": {
            "value": 0.4745592948717949,
            "min": 0.32011217948717946,
            "max": 0.5024038461538461,
            "count": 300
        },
        "Tears.Rotate.Right.sum": {
            "value": 11845.0,
            "min": 7990.0,
            "max": 13115.0,
            "count": 300
        },
        "Tears.Rotate.Left.mean": {
            "value": 0.46153846153846156,
            "min": 0.3094951923076923,
            "max": 0.4931891025641026,
            "count": 300
        },
        "Tears.Rotate.Left.sum": {
            "value": 11520.0,
            "min": 7725.0,
            "max": 13170.0,
            "count": 300
        },
        "Tears.Rotate.None.mean": {
            "value": 0.06390224358974358,
            "min": 0.018629807692307692,
            "max": 0.366786858974359,
            "count": 300
        },
        "Tears.Rotate.None.sum": {
            "value": 1595.0,
            "min": 465.0,
            "max": 9155.0,
            "count": 300
        },
        "Tears.Sticky.NoChange.mean": {
            "value": 0.6684695512820513,
            "min": 0.437099358974359,
            "max": 0.7203525641025641,
            "count": 300
        },
        "Tears.Sticky.NoChange.sum": {
            "value": 16685.0,
            "min": 10910.0,
            "max": 18520.0,
            "count": 300
        },
        "Tears.Sticky.Change.mean": {
            "value": 0.33153044871794873,
            "min": 0.2796474358974359,
            "max": 0.5629006410256411,
            "count": 300
        },
        "Tears.Sticky.Change.sum": {
            "value": 8275.0,
            "min": 6980.0,
            "max": 14050.0,
            "count": 300
        },
        "Tears.Touch.Wall.mean": {
            "value": 0.18325320512820512,
            "min": 0.0,
            "max": 0.5875400641025641,
            "count": 300
        },
        "Tears.Touch.Wall.sum": {
            "value": 4574.0,
            "min": 0.0,
            "max": 14665.0,
            "count": 300
        },
        "Tears.Touch.Object.mean": {
            "value": 0.0003605769230769231,
            "min": 0.0,
            "max": 0.07664262820512821,
            "count": 300
        },
        "Tears.Touch.Object.sum": {
            "value": 9.0,
            "min": 0.0,
            "max": 1913.0,
            "count": 300
        },
        "Tears.Location.X.mean": {
            "value": 0.7939344943907016,
            "min": -4.391420368429942,
            "max": 4.263420838365952,
            "count": 300
        },
        "Tears.Location.X.sum": {
            "value": 19816.604979991913,
            "min": -109609.85239601135,
            "max": 106414.98412561417,
            "count": 300
        },
        "Tears.Location.Y.mean": {
            "value": -1.5083518549465598,
            "min": -3.77201033221701,
            "max": 0.35009880480475913,
            "count": 300
        },
        "Tears.Location.Y.sum": {
            "value": -37648.46229946613,
            "min": -94149.37789213657,
            "max": 8738.466167926788,
            "count": 300
        },
        "Tears.Sticky.NoneAttached.mean": {
            "value": 0.9975560897435898,
            "min": 0.9227964743589744,
            "max": 1.0,
            "count": 300
        },
        "Tears.Sticky.NoneAttached.sum": {
            "value": 24899.0,
            "min": 23033.0,
            "max": 26880.0,
            "count": 300
        },
        "Tears.Sticky.OneAttached.mean": {
            "value": 0.0024439102564102564,
            "min": 0.0,
            "max": 0.071875,
            "count": 300
        },
        "Tears.Sticky.OneAttached.sum": {
            "value": 61.0,
            "min": 0.0,
            "max": 1794.0,
            "count": 300
        },
        "Tears.Sticky.MultipleAttached.mean": {
            "value": 0.0,
            "min": 0.0,
            "max": 0.005328525641025641,
            "count": 300
        },
        "Tears.Sticky.MultipleAttached.sum": {
            "value": 0.0,
            "min": 0.0,
            "max": 133.0,
            "count": 300
        },
        "Tears.Step.mean": {
            "value": 1499968.0,
            "min": 4992.0,
            "max": 1499968.0,
            "count": 300
        },
        "Tears.Step.sum": {
            "value": 1499968.0,
            "min": 4992.0,
            "max": 1499968.0,
            "count": 300
        },
        "Tears.Policy.CuriosityValueEstimate.mean": {
            "value": 97.98432159423828,
            "min": 0.16312184929847717,
            "max": 98.90571594238281,
            "count": 300
        },
        "Tears.Policy.CuriosityValueEstimate.sum": {
            "value": 7642.77734375,
            "min": 12.723504066467285,
            "max": 7810.43701171875,
            "count": 300
        },
        "Tears.IsTraining.mean": {
            "value": 1.0,
            "min": 1.0,
            "max": 1.0,
            "count": 300
        },
        "Tears.IsTraining.sum": {
            "value": 1.0,
            "min": 1.0,
            "max": 1.0,
            "count": 300
        },
        "Tears.Losses.PolicyLoss.mean": {
            "value": 0.023205319590245684,
            "min": 0.015592835820280015,
            "max": 0.032698245346546174,
            "count": 144
        },
        "Tears.Losses.PolicyLoss.sum": {
            "value": 0.023205319590245684,
            "min": 0.015592835820280015,
            "max": 0.032698245346546174,
            "count": 144
        },