{
    "name": "root",
    "gauges": {
        "Tears.Policy.Entropy.mean": {
            "value": 3.0622196197509766,
            "min": 3.0463528633117676,
            "max": 3.373779535293579,
            "count": 14
        },
        "Tears.Policy.Entropy.sum": {
            "value": 152866.0,
            "min": 152073.9375,
            "max": 169714.609375,
            "count": 14
        },
        "Tears.Step.mean": {
            "value": 699968.0,
            "min": 49984.0,
            "max": 699968.0,
            "count": 14
        },
        "Tears.Step.sum": {
            "value": 699968.0,
            "min": 49984.0,
            "max": 699968.0,
            "count": 14
        },
        "Tears.Policy.CuriosityValueEstimate.mean": {
            "value": 97.81297302246094,
            "min": 6.924652576446533,
            "max": 98.29971313476562,
            "count": 14
        },
        "Tears.Policy.CuriosityValueEstimate.sum": {
            "value": 76391.9296875,
            "min": 5408.15380859375,
            "max": 76870.375,
            "count": 14
        },
        "Tears.Losses.PolicyLoss.mean": {
            "value": 0.024513426034973234,
            "min": 0.022175458558873894,
            "max": 0.027938536378981856,
            "count": 14
        },
        "Tears.Losses.PolicyLoss.sum": {
            "value": 0.12256713017486617,
            "min": 0.0924687247616627,
            "max": 0.13811733880365865,
            "count": 14
        },
        "Tears.Losses.ValueLoss.mean": {
            "value": 3.4324526296059297,
            "min": 1.6869496628642082,
            "max": 85.70723587794541,
            "count": 14
        },
        "Tears.Losses.ValueLoss.sum": {
            "value": 17.16226314802965,
            "min": 6.747798651456833,
            "max": 342.82894351178163,
            "count": 14
        },
        "Tears.Policy.LearningRate.mean": {
            "value": 1.1177239131428578e-05,
            "min": 1.1177239131428578e-05,
            "max": 0.00028889143227428564,
            "count": 14
        },
        "Tears.Policy.LearningRate.sum": {
            "value": 5.588619565714289e-05,
            "min": 5.588619565714289e-05,
            "max": 0.00134448005184,
            "count": 14
        },
        "Tears.Policy.Epsilon.mean": {
            "value": 0.10372571428571428,
            "min": 0.10372571428571428,
            "max": 0.1962971428571429,
            "count": 14
        },
        "Tears.Policy.Epsilon.sum": {
            "value": 0.5186285714285714,
            "min": 0.47118628571428567,
            "max": 0.94816,
            "count": 14
        },
        "Tears.Policy.Beta.mean": {
            "value": 0.00019591314285714298,
            "min": 0.00019591314285714298,
            "max": 0.004815227428571428,
            "count": 14
        },
        "Tears.Policy.Beta.sum": {
            "value": 0.000979565714285715,
            "min": 0.000979565714285715,
            "max": 0.022413184000000003,
            "count": 14
        },
        "Tears.Losses.CuriosityForwardLoss.mean": {
            "value": 1.5773314213752747,
            "min": 1.5773314213752747,
            "max": 14.074874528249104,
            "count": 14
        },
        "Tears.Losses.CuriosityForwardLoss.sum": {
            "value": 7.886657106876373,
            "min": 6.799648217360179,
            "max": 56.29949811299642,
            "count": 14
        },
        "Tears.Losses.CuriosityInverseLoss.mean": {
            "value": 1.4659566020965575,
            "min": 1.4659566020965575,
            "max": 3.3847608109315237,
            "count": 14
        },
        "Tears.Losses.CuriosityInverseLoss.sum": {
            "value": 7.329783010482788,
            "min": 6.527473477522532,
            "max": 15.4093252658844,
            "count": 14
        },
        "Tears.IsTraining.mean": {
            "value": 1.0,
            "min": 1.0,
            "max": 1.0,
            "count": 14
        },
        "Tears.IsTraining.sum": {
            "value": 1.0,
            "min": 1.0,
            "max": 1.0,
            "count": 14
        }
    },
    "metadata": {
        "timer_format_version": "0.1.0",
        "start_time_seconds": "1686932977",
        "python_version": "3.9.16 (main, May 17 2023, 17:49:16) [MSC v.1916 64 bit (AMD64)]",
        "command_line_arguments": "C:\\Users\\terra\\miniconda3\\envs\\trainer-env\\Scripts\\mlagents-learn --run-id h30_out64 results/h30_out64/configuration.yaml",
        "mlagents_version": "0.30.0",
        "mlagents_envs_version": "0.30.0",
        "communication_protocol_version": "1.5.0",
        "pytorch_version": "1.7.1+cu110",
        "numpy_version": "1.21.2",
        "end_time_seconds": "1686934447"
    },
    "total": 1469.455529,
    "count": 1,
    "self": 0.3431474999999864,
    "children": {
        "run_training.setup": {
            "total": 0.11883160000000004,
            "count": 1,
            "self": 0.11883160000000004
        },
        "TrainerController.start_learning": {
            "total": 1468.9935499,
            "count": 1,
            "self": 4.107680999992681,
            "children": {
                "TrainerController._reset_env": {
                    "total": 2.9479549,
                    "count": 1,
                    "self": 2.9479549
                },
                "TrainerController.advance": {
                    "total": 1461.7632329000076,
                    "count": 116672,
                    "self": 3.7663994999782062,
                    "children": {
                        "env_step": {
                            "total": 1126.5724862000338,
                            "count": 116672,
                            "self": 789.4018654000358,
                            "children": {
                                "SubprocessEnvManager._take_step": {
                                    "total": 334.5414743999828,
                                    "count": 116672,
                                    "self": 10.260667699984538,
                                    "children": {
                                        "TorchPolicy.evaluate": {
                                            "total": 324.28080669999827,
                                            "count": 116672,
                                            "self": 324.28080669999827
                                        }
                                    }
                                },
                                "workers": {
                                    "total": 2.6291464000151947,
                                    "count": 116672,
                                    "self": 0.0,
                                    "children": {
                                        "worker_root": {
                                            "total": 1460.9951354000325,
                                            "count": 116672,
                                            "is_parallel": true,
                                            "self": 868.4945632000542,
                                            "children": {
                                                "steps_from_proto": {
                                                    "total": 0.0012214000000003722,
                                                    "count": 1,
                                                    "is_parallel": true,
                                                    "self": 0.0006151000000005347,
                                                    "children": {
                                                        "_process_rank_one_or_two_observation": {
                                                            "total": 0.0006062999999998375,
                                                            "count": 2,
                                                            "is_parallel": true,