{
    "name": "root",
    "gauges": {
        "Tears.Policy.Entropy.mean": {
            "value": 2.4678289890289307,
            "min": 2.4678289890289307,
            "max": 3.3640453815460205,
            "count": 14
        },
        "Tears.Policy.Entropy.sum": {
            "value": 123194.0234375,
            "min": 123194.0234375,
            "max": 169224.9375,
            "count": 14
        },
        "Tears.Step.mean": {
            "value": 699968.0,
            "min": 49984.0,
            "max": 699968.0,
            "count": 14
        },
        "Tears.Step.sum": {
            "value": 699968.0,
            "min": 49984.0,
            "max": 699968.0,
            "count": 14
        },
        "Tears.Policy.CuriosityValueEstimate.mean": {
            "value": 96.15924835205078,
            "min": 9.809175491333008,
            "max": 96.15924835205078,
            "count": 14
        },
        "Tears.Policy.CuriosityValueEstimate.sum": {
            "value": 75100.375,
            "min": 7660.96630859375,
            "max": 75100.375,
            "count": 14
        },
        "Tears.Losses.PolicyLoss.mean": {
            "value": 0.024633611453464252,
            "min": 0.022083288809517397,
            "max": 0.02792399303483156,
            "count": 14
        },
        "Tears.Losses.PolicyLoss.sum": {
            "value": 0.12316805726732126,
            "min": 0.08833315523806959,
            "max": 0.12484500575762165,
            "count": 14
        },
        "Tears.Losses.ValueLoss.mean": {
            "value": 19.03967702150345,
            "min": 6.509639127254485,
            "max": 71.87413442653293,
            "count": 14
        },
        "Tears.Losses.ValueLoss.sum": {
            "value": 95.19838510751725,
            "min": 32.548195636272425,
            "max": 287.49653770613173,
            "count": 14
        },
        "Tears.Policy.LearningRate.mean": {
            "value": 1.1177239131428578e-05,
            "min": 1.1177239131428578e-05,
            "max": 0.00028889143227428564,
            "count": 14
        },
        "Tears.Policy.LearningRate.sum": {
            "value": 5.588619565714289e-05,
            "min": 5.588619565714289e-05,
            "max": 0.00134448005184,
            "count": 14
        },
        "Tears.Policy.Epsilon.mean": {
            "value": 0.10372571428571428,
            "min": 0.10372571428571428,
            "max": 0.1962971428571429,
            "count": 14
        },
        "Tears.Policy.Epsilon.sum": {
            "value": 0.5186285714285714,
            "min": 0.47118628571428567,
            "max": 0.94816,
            "count": 14
        },
        "Tears.Policy.Beta.mean": {
            "value": 0.00019591314285714298,
            "min": 0.00019591314285714298,
            "max": 0.004815227428571428,
            "count": 14
        },
        "Tears.Policy.Beta.sum": {
            "value": 0.000979565714285715,
            "min": 0.000979565714285715,
            "max": 0.022413184000000003,
            "count": 14
        },
        "Tears.Losses.CuriosityForwardLoss.mean": {
            "value": 2.4347503360112506,
            "min": 1.652298392454783,
            "max": 13.403140723705292,
            "count": 14
        },
        "Tears.Losses.CuriosityForwardLoss.sum": {
            "value": 12.173751680056252,
            "min": 8.261491962273915,
            "max": 53.61256289482117,
            "count": 14
        },
        "Tears.Losses.CuriosityInverseLoss.mean": {
            "value": 1.2834034180641174,
            "min": 1.2834034180641174,
            "max": 3.3789413750171664,
            "count": 14
        },
        "Tears.Losses.CuriosityInverseLoss.sum": {
            "value": 6.417017090320587,
            "min": 6.417017090320587,
            "max": 15.247712755203247,
            "count": 14
        },
        "Tears.IsTraining.mean": {
            "value": 1.0,
            "min": 1.0,
            "max": 1.0,
            "count": 14
        },
        "Tears.IsTraining.sum": {
            "value": 1.0,
            "min": 1.0,
            "max": 1.0,
            "count": 14
        }
    },
    "metadata": {
        "timer_format_version": "0.1.0",
        "start_time_seconds": "1686937293",
        "python_version": "3.9.16 (main, May 17 2023, 17:49:16) [MSC v.1916 64 bit (AMD64)]",
        "command_line_arguments": "C:\\Users\\terra\\miniconda3\\envs\\trainer-env\\Scripts\\mlagents-learn --run-id h30_out64_2 results/h30_out64_2/configuration.yaml",
        "mlagents_version": "0.30.0",
        "mlagents_envs_version": "0.30.0",
        "communication_protocol_version": "1.5.0",
        "pytorch_version": "1.7.1+cu110",
        "numpy_version": "1.21.2",
        "end_time_seconds": "1686938763"
    },
    "total": 1470.328967,
    "count": 1,
    "self": 0.9650013999998919,
    "children": {
        "run_training.setup": {
            "total": 0.16153890000000004,
            "count": 1,
            "self": 0.16153890000000004
        },
        "TrainerController.start_learning": {
            "total": 1469.2024267,
            "count": 1,
            "self": 3.8927774000078443,
            "children": {
                "TrainerController._reset_env": {
                    "total": 6.5693623,
                    "count": 1,
                    "self": 6.5693623
                },
                "TrainerController.advance": {
                    "total": 1458.5923075999922,
                    "count": 116672,
                    "self": 3.7069990000088637,
                    "children": {
                        "env_step": {
                            "total": 1126.5493056999978,
                            "count": 116672,
                            "self": 790.6011580999736,
                            "children": {
                                "SubprocessEnvManager._take_step": {
                                    "total": 333.2523202000032,
                                    "count": 116672,
                                    "self": 9.999362400001871,
                                    "children": {
                                        "TorchPolicy.evaluate": {
                                            "total": 323.25295780000135,
                                            "count": 116672,
                                            "self": 323.25295780000135
                                        }
                                    }
                                },
                                "workers": {
                                    "total": 2.695827400020976,
                                    "count": 116672,
                                    "self": 0.0,
                                    "children": {
                                        "worker_root": {
                                            "total": 1457.591977799957,
                                            "count": 116672,
                                            "is_parallel": true,
                                            "self": 865.5582934999297,
                                            "children": {
                                                "steps_from_proto": {
                                                    "total": 0.0005101999999999052,
                                                    "count": 1,
                                                    "is_parallel": true,
                                                    "self": 0.00023589999999984457,
                                                    "children": {
                                                        "_process_rank_one_or_two_observation": {
                                                            "total": 0.0002743000000000606,
                                                            "count": 2,
                                                            "is_parallel": true,