{
    "name": "root",
    "gauges": {
        "Tears.Policy.Entropy.mean": {
            "value": 2.29644775390625,
            "min": 2.228445053100586,
            "max": 3.4006083011627197,
            "count": 300
        },
        "Tears.Policy.Entropy.sum": {
            "value": 11463.8671875,
            "min": 11124.3974609375,
            "max": 18281.669921875,
            "count": 300
        },
        "Tears.Move.None.mean": {
            "value": 0.020432692307692308,
            "min": 0.008413461538461538,
            "max": 0.2075320512820513,
            "count": 300
        },
        "Tears.Move.None.sum": {
            "value": 510.0,
            "min": 210.0,
            "max": 5330.0,
            "count": 300
        },
        "Tears.Move.Up.mean": {
            "value": 0.24639423076923078,
            "min": 0.1842948717948718,
            "max": 0.3792067307692308,
            "count": 300
        },
        "Tears.Move.Up.sum": {
            "value": 6150.0,
            "min": 4600.0,
            "max": 9465.0,
            "count": 300
        },
        "Tears.Move.Down.mean": {
            "value": 0.21614583333333334,
            "min": 0.1935096153846154,
            "max": 0.32311698717948717,
            "count": 300
        },
        "Tears.Move.Down.sum": {
            "value": 5395.0,
            "min": 4830.0,
            "max": 8140.0,
            "count": 300
        },
        "Tears.Move.Left.mean": {
            "value": 0.24719551282051283,
            "min": 0.12860576923076922,
            "max": 0.26322115384615385,
            "count": 300
        },
        "Tears.Move.Left.sum": {
            "value": 6170.0,
            "min": 3210.0,
            "max": 6895.0,
            "count": 300
        },
        "Tears.Move.Right.mean": {
            "value": 0.2698317307692308,
            "min": 0.11438301282051282,
            "max": 0.2698317307692308,
            "count": 300
        },
        "Tears.Move.Right.sum": {
            "value": 6735.0,
            "min": 2855.0,
            "max": 7015.0,
            "count": 300
        },
        "Tears.Rotate.Right.mean": {
            "value": 0.29407051282051283,
            "min": 0.25841346153846156,
            "max": 0.3896233974358974,
            "count": 300
        },
        "Tears.Rotate.Right.sum": {
            "value": 7340.0,
            "min": 6450.0,
            "max": 10145.0,
            "count": 300
        },
        "Tears.Rotate.Left.mean": {
            "value": 0.2942708333333333,
            "min": 0.26021634615384615,
            "max": 0.390224358974359,
            "count": 300
        },
        "Tears.Rotate.Left.sum": {
            "value": 7345.0,
            "min": 6495.0,
            "max": 10155.0,
            "count": 300
        },
        "Tears.Rotate.None.mean": {
            "value": 0.41165865384615385,
            "min": 0.2205528846153846,
            "max": 0.48096955128205127,
            "count": 300
        },
        "Tears.Rotate.None.sum": {
            "value": 10275.0,
            "min": 5505.0,
            "max": 12860.0,
            "count": 300
        },
        "Tears.Sticky.NoChange.mean": {
            "value": 0.4208733974358974,
            "min": 0.32532051282051283,
            "max": 0.6698717948717948,
            "count": 300
        },
        "Tears.Sticky.NoChange.sum": {
            "value": 10505.0,
            "min": 8120.0,
            "max": 16720.0,
            "count": 300
        },
        "Tears.Sticky.Change.mean": {
            "value": 0.5791266025641025,
            "min": 0.3301282051282051,
            "max": 0.6746794871794872,
            "count": 300
        },
        "Tears.Sticky.Change.sum": {
            "value": 14455.0,
            "min": 8240.0,
            "max": 17220.0,
            "count": 300
        },
        "Tears.Touch.Wall.mean": {
            "value": 0.09419070512820513,
            "min": 0.008816964285714286,
            "max": 0.37411858974358975,
            "count": 300
        },
        "Tears.Touch.Wall.sum": {
            "value": 2351.0,
            "min": 237.0,
            "max": 9338.0,
            "count": 300
        },
        "Tears.Touch.Object.mean": {
            "value": 0.1031650641025641,
            "min": 0.0,
            "max": 0.33024839743589746,
            "count": 300
        },
        "Tears.Touch.Object.sum": {
            "value": 2575.0,
            "min": 0.0,
            "max": 8243.0,
            "count": 300
        },
        "Tears.Location.X.mean": {
            "value": 1.3766049308463548,
            "min": -3.730871231242632,
            "max": 4.267992688982915,
            "count": 300
        },
        "Tears.Location.X.sum": {
            "value": 34360.05907392502,
            "min": -93122.5459318161,
            "max": 106529.09751701355,
            "count": 300
        },
        "Tears.Location.Y.mean": {
            "value": -1.536147742326825,
            "min": -2.817036404689917,
            "max": 3.3322846616881017,
            "count": 300
        },
        "Tears.Location.Y.sum": {
            "value": -38342.247648477554,
            "min": -70313.22866106033,
            "max": 83173.82515573502,
            "count": 300
        },
        "Tears.Sticky.NoneAttached.mean": {
            "value": 0.9459935897435897,
            "min": 0.9217548076923077,
            "max": 1.0,
            "count": 300
        },
        "Tears.Sticky.NoneAttached.sum": {
            "value": 23612.0,
            "min": 23007.0,
            "max": 26880.0,
            "count": 300
        },
        "Tears.Sticky.OneAttached.mean": {
            "value": 0.05400641025641026,
            "min": 0.0,
            "max": 0.07231570512820513,
            "count": 300
        },
        "Tears.Sticky.OneAttached.sum": {
            "value": 1348.0,
            "min": 0.0,
            "max": 1805.0,
            "count": 300
        },
        "Tears.Sticky.MultipleAttached.mean": {
            "value": 0.0,
            "min": 0.0,
            "max": 0.012860576923076922,
            "count": 300
        },
        "Tears.Sticky.MultipleAttached.sum": {
            "value": 0.0,
            "min": 0.0,
            "max": 321.0,
            "count": 300
        },
        "Tears.Step.mean": {
            "value": 1499968.0,
            "min": 4992.0,
            "max": 1499968.0,
            "count": 300
        },
        "Tears.Step.sum": {
            "value": 1499968.0,
            "min": 4992.0,
            "max": 1499968.0,
            "count": 300
        },
        "Tears.Policy.CuriosityValueEstimate.mean": {
            "value": 98.69634246826172,
            "min": -0.11235582083463669,
            "max": 100.2457275390625,
            "count": 300
        },
        "Tears.Policy.CuriosityValueEstimate.sum": {
            "value": 7698.314453125,
            "min": -8.763753890991211,
            "max": 7903.92919921875,
            "count": 300
        },
        "Tears.IsTraining.mean": {
            "value": 1.0,
            "min": 1.0,
            "max": 1.0,
            "count": 300
        },
        "Tears.IsTraining.sum": {
            "value": 1.0,
            "min": 1.0,
            "max": 1.0,
            "count": 300
        },
        "Tears.Losses.PolicyLoss.mean": {
            "value": 0.026477137932670303,
            "min": 0.017313094742712566,
            "max": 0.034194424249775084,
            "count": 144
        },
        "Tears.Losses.PolicyLoss.sum": {
            "value": 0.026477137932670303,
            "min": 0.017313094742712566,
            "max": 0.034194424249775084,
            "count": 144
        },
        "Tears.Losses.ValueLoss.mean": {
            "value": 0.10177442108591397,
            "min": 0.01008762400597334,
            "max": 54.52488250732422,
            "count": 144
        },