{
    "name": "root",
    "gauges": {
        "Tears.Policy.Entropy.mean": {
            "value": 2.6681406497955322,
            "min": 2.6681406497955322,
            "max": 3.392115831375122,
            "count": 14
        },
        "Tears.Policy.Entropy.sum": {
            "value": 133193.578125,
            "min": 133193.578125,
            "max": 170637.0,
            "count": 14
        },
        "Tears.Step.mean": {
            "value": 699968.0,
            "min": 49984.0,
            "max": 699968.0,
            "count": 14
        },
        "Tears.Step.sum": {
            "value": 699968.0,
            "min": 49984.0,
            "max": 699968.0,
            "count": 14
        },
        "Tears.Policy.CuriosityValueEstimate.mean": {
            "value": 98.25680541992188,
            "min": 7.733214855194092,
            "max": 99.07742309570312,
            "count": 14
        },
        "Tears.Policy.CuriosityValueEstimate.sum": {
            "value": 76738.5625,
            "min": 6039.640625,
            "max": 77379.46875,
            "count": 14
        },
        "Tears.Losses.PolicyLoss.mean": {
            "value": 0.02356974669591485,
            "min": 0.021605201944524498,
            "max": 0.02584962386628225,
            "count": 14
        },
        "Tears.Losses.PolicyLoss.sum": {
            "value": 0.11784873347957424,
            "min": 0.09337175246716167,
            "max": 0.12924811933141125,
            "count": 14
        },
        "Tears.Losses.ValueLoss.mean": {
            "value": 13.947521761457125,
            "min": 7.924912528445324,
            "max": 81.98517350619659,
            "count": 14
        },
        "Tears.Losses.ValueLoss.sum": {
            "value": 69.73760880728562,
            "min": 31.699650113781296,
            "max": 327.94069402478635,
            "count": 14
        },
        "Tears.Policy.LearningRate.mean": {
            "value": 1.1177239131428578e-05,
            "min": 1.1177239131428578e-05,
            "max": 0.00028889143227428564,
            "count": 14
        },
        "Tears.Policy.LearningRate.sum": {
            "value": 5.588619565714289e-05,
            "min": 5.588619565714289e-05,
            "max": 0.00134448005184,
            "count": 14
        },
        "Tears.Policy.Epsilon.mean": {
            "value": 0.10372571428571428,
            "min": 0.10372571428571428,
            "max": 0.1962971428571429,
            "count": 14
        },
        "Tears.Policy.Epsilon.sum": {
            "value": 0.5186285714285714,
            "min": 0.47118628571428567,
            "max": 0.94816,
            "count": 14
        },
        "Tears.Policy.Beta.mean": {
            "value": 0.00019591314285714298,
            "min": 0.00019591314285714298,
            "max": 0.004815227428571428,
            "count": 14
        },
        "Tears.Policy.Beta.sum": {
            "value": 0.000979565714285715,
            "min": 0.000979565714285715,
            "max": 0.022413184000000003,
            "count": 14
        },
        "Tears.Losses.CuriosityForwardLoss.mean": {
            "value": 2.416333095232646,
            "min": 2.278111000061035,
            "max": 15.050120568275451,
            "count": 14
        },
        "Tears.Losses.CuriosityForwardLoss.sum": {
            "value": 12.08166547616323,
            "min": 9.223877135912577,
            "max": 60.200482273101805,
            "count": 14
        },
        "Tears.Losses.CuriosityInverseLoss.mean": {
            "value": 1.94815749724706,
            "min": 1.94815749724706,
            "max": 3.3890592594941458,
            "count": 14
        },
        "Tears.Losses.CuriosityInverseLoss.sum": {
            "value": 9.7407874862353,
            "min": 8.357290728886923,
            "max": 15.327313748995461,
            "count": 14
        },
        "Tears.IsTraining.mean": {
            "value": 1.0,
            "min": 1.0,
            "max": 1.0,
            "count": 14
        },
        "Tears.IsTraining.sum": {
            "value": 1.0,
            "min": 1.0,
            "max": 1.0,
            "count": 14
        }
    },
    "metadata": {
        "timer_format_version": "0.1.0",
        "start_time_seconds": "1686931357",
        "python_version": "3.9.16 (main, May 17 2023, 17:49:16) [MSC v.1916 64 bit (AMD64)]",
        "command_line_arguments": "C:\\Users\\terra\\miniconda3\\envs\\trainer-env\\Scripts\\mlagents-learn --run-id h30_out32 results/h30_out32/configuration.yaml",
        "mlagents_version": "0.30.0",
        "mlagents_envs_version": "0.30.0",
        "communication_protocol_version": "1.5.0",
        "pytorch_version": "1.7.1+cu110",
        "numpy_version": "1.21.2",
        "end_time_seconds": "1686932836"
    },
    "total": 1478.858516,
    "count": 1,
    "self": 0.36062569999990046,
    "children": {
        "run_training.setup": {
            "total": 0.2856326,
            "count": 1,
            "self": 0.2856326
        },
        "TrainerController.start_learning": {
            "total": 1478.2122577,
            "count": 1,
            "self": 3.9177471000286914,
            "children": {
                "TrainerController._reset_env": {
                    "total": 4.6419987,
                    "count": 1,
                    "self": 4.6419987
                },
                "TrainerController.advance": {
                    "total": 1469.5098386999714,
                    "count": 116672,
                    "self": 3.7558377999935146,
                    "children": {
                        "env_step": {
                            "total": 1133.3922258000418,
                            "count": 116672,
                            "self": 793.7145725000421,
                            "children": {
                                "SubprocessEnvManager._take_step": {
                                    "total": 337.0234758999915,
                                    "count": 116672,
                                    "self": 10.090435899970487,
                                    "children": {
                                        "TorchPolicy.evaluate": {
                                            "total": 326.93304000002104,
                                            "count": 116672,
                                            "self": 326.93304000002104
                                        }
                                    }
                                },
                                "workers": {
                                    "total": 2.6541774000082974,
                                    "count": 116672,
                                    "self": 0.0,
                                    "children": {
                                        "worker_root": {
                                            "total": 1468.6736550999904,
                                            "count": 116672,
                                            "is_parallel": true,
                                            "self": 875.2828083999896,
                                            "children": {
                                                "steps_from_proto": {
                                                    "total": 0.0004485999999994661,
                                                    "count": 1,
                                                    "is_parallel": true,
                                                    "self": 0.00021809999999966578,
                                                    "children": {
                                                        "_process_rank_one_or_two_observation": {
                                                            "total": 0.0002304999999998003,
                                                            "count": 2,
                                                            "is_parallel": true,