{
    "name": "root",
    "gauges": {
        "Tears.Policy.Entropy.mean": {
            "value": 1.6947232484817505,
            "min": 1.6947232484817505,
            "max": 3.3543858528137207,
            "count": 50
        },
        "Tears.Policy.Entropy.sum": {
            "value": 84600.5859375,
            "min": 84600.5859375,
            "max": 168739.03125,
            "count": 50
        },
        "Tears.Step.mean": {
            "value": 2499968.0,
            "min": 49984.0,
            "max": 2499968.0,
            "count": 50
        },
        "Tears.Step.sum": {
            "value": 2499968.0,
            "min": 49984.0,
            "max": 2499968.0,
            "count": 50
        },
        "Tears.Policy.CuriosityValueEstimate.mean": {
            "value": 99.55667877197266,
            "min": 11.42304801940918,
            "max": 100.12992095947266,
            "count": 50
        },
        "Tears.Policy.CuriosityValueEstimate.sum": {
            "value": 77753.765625,
            "min": 8921.400390625,
            "max": 78201.46875,
            "count": 50
        },
        "Tears.Losses.PolicyLoss.mean": {
            "value": 0.022493116397333025,
            "min": 0.021128059924812988,
            "max": 0.0282601710781455,
            "count": 50
        },
        "Tears.Losses.PolicyLoss.sum": {
            "value": 0.11246558198666512,
            "min": 0.08549496587002067,
            "max": 0.1413008553907275,
            "count": 50
        },
        "Tears.Losses.ValueLoss.mean": {
            "value": 0.06377245087176561,
            "min": 0.020110998482753835,
            "max": 29.46864632528741,
            "count": 50
        },
        "Tears.Losses.ValueLoss.sum": {
            "value": 0.3188622543588281,
            "min": 0.08838959547380607,
            "max": 117.87458530114964,
            "count": 50
        },
        "Tears.Policy.LearningRate.mean": {
            "value": 2.645769911808001e-05,
            "min": 2.645769911808001e-05,
            "max": 0.0029688960010368,
            "count": 50
        },
        "Tears.Policy.LearningRate.sum": {
            "value": 0.00013228849559040006,
            "min": 0.00013228849559040006,
            "max": 0.014564544014515199,
            "count": 50
        },
        "Tears.Policy.Epsilon.mean": {
            "value": 0.10088192,
            "min": 0.10088192,
            "max": 0.19896320000000003,
            "count": 50
        },
        "Tears.Policy.Epsilon.sum": {
            "value": 0.5044096,
            "min": 0.4358758400000001,
            "max": 0.9854847999999999,
            "count": 50
        },
        "Tears.Policy.Beta.mean": {
            "value": 5.4007808000000024e-05,
            "min": 5.4007808000000024e-05,
            "max": 0.00494826368,
            "count": 50
        },
        "Tears.Policy.Beta.sum": {
            "value": 0.00027003904000000013,
            "min": 0.00027003904000000013,
            "max": 0.02427569152,
            "count": 50
        },
        "Tears.Losses.CuriosityForwardLoss.mean": {
            "value": 3.652127003669739,
            "min": 2.78887774626414,
            "max": 4.001618595123292,
            "count": 50
        },
        "Tears.Losses.CuriosityForwardLoss.sum": {
            "value": 18.260635018348694,
            "min": 13.663980356852212,
            "max": 20.008092975616456,
            "count": 50
        },
        "Tears.Losses.CuriosityInverseLoss.mean": {
            "value": 0.19629473264018693,
            "min": 0.07850066726406416,
            "max": 2.8596508185068763,
            "count": 50
        },
        "Tears.Losses.CuriosityInverseLoss.sum": {
            "value": 0.9814736632009347,
            "min": 0.39250333632032075,
            "max": 11.723543318112691,
            "count": 50
        },
        "Tears.Reward.Curiosity.mean": {
            "value": 3.6170272684097293,
            "min": 2.7721344200770064,
            "max": 3.9701228841145833,
            "count": 50
        },
        "Tears.Reward.Curiosity.sum": {
            "value": 18.085136342048646,
            "min": 13.555152956644694,
            "max": 19.850614420572917,
            "count": 50
        },
        "Tears.IsTraining.mean": {
            "value": 1.0,
            "min": 1.0,
            "max": 1.0,
            "count": 50
        },
        "Tears.IsTraining.sum": {
            "value": 1.0,
            "min": 1.0,
            "max": 1.0,
            "count": 50
        }
    },
    "metadata": {
        "timer_format_version": "0.1.0",
        "start_time_seconds": "1687878669",
        "python_version": "3.9.16 (main, Mar  8 2023, 10:39:24) [MSC v.1916 64 bit (AMD64)]",
        "command_line_arguments": "C:\\Users\\terra\\miniconda3\\envs\\trainer-env\\Scripts\\mlagents-learn --run-id run_lr0-003 results/run_lr0-003/configuration.yaml",
        "mlagents_version": "0.30.0",
        "mlagents_envs_version": "0.30.0",
        "communication_protocol_version": "1.5.0",
        "pytorch_version": "1.7.1+cu110",
        "numpy_version": "1.21.2",
        "end_time_seconds": "1687883531"
    },
    "total": 4862.0959973,
    "count": 1,
    "self": 0.3650139000001218,
    "children": {
        "run_training.setup": {
            "total": 0.07684920000000006,
            "count": 1,
            "self": 0.07684920000000006
        },
        "TrainerController.start_learning": {
            "total": 4861.6541342,
            "count": 1,
            "self": 12.645498500062786,
            "children": {
                "TrainerController._reset_env": {
                    "total": 1.7395582000000003,
                    "count": 1,
                    "self": 1.7395582000000003
                },
                "TrainerController.advance": {
                    "total": 4847.145987599938,
                    "count": 416704,
                    "self": 11.706694899641661,
                    "children": {
                        "env_step": {
                            "total": 3351.1922075001203,
                            "count": 416704,
                            "self": 1984.3051021000595,
                            "children": {
                                "SubprocessEnvManager._take_step": {
                                    "total": 1359.2724827000457,
                                    "count": 416704,
                                    "self": 39.60974779984781,
                                    "children": {
                                        "TorchPolicy.evaluate": {
                                            "total": 1319.6627349001978,
                                            "count": 416704,
                                            "self": 1319.6627349001978
                                        }
                                    }
                                },
                                "workers": {
                                    "total": 7.614622700015099,
                                    "count": 416704,
                                    "self": 0.0,
                                    "children": {
                                        "worker_root": {
                                            "total": 4848.50679899996,
                                            "count": 416704,
                                            "is_parallel": true,
                                            "self": 3450.0836478000383,
                                            "children": {
                                                "steps_from_proto": {
                                                    "total": 0.0003551000000001636,