{
    "name": "root",
    "gauges": {
        "Tears.Policy.Entropy.mean": {
            "value": 2.442131757736206,
            "min": 2.2164580821990967,
            "max": 3.3900845050811768,
            "count": 14
        },
        "Tears.Policy.Entropy.sum": {
            "value": 121911.21875,
            "min": 110645.5859375,
            "max": 170534.8125,
            "count": 14
        },
        "Tears.Step.mean": {
            "value": 699968.0,
            "min": 49984.0,
            "max": 699968.0,
            "count": 14
        },
        "Tears.Step.sum": {
            "value": 699968.0,
            "min": 49984.0,
            "max": 699968.0,
            "count": 14
        },
        "Tears.Policy.CuriosityValueEstimate.mean": {
            "value": 97.76729583740234,
            "min": 6.969473838806152,
            "max": 98.09210205078125,
            "count": 14
        },
        "Tears.Policy.CuriosityValueEstimate.sum": {
            "value": 76356.2578125,
            "min": 5443.1591796875,
            "max": 76708.0234375,
            "count": 14
        },
        "Tears.Losses.PolicyLoss.mean": {
            "value": 0.022743496640662976,
            "min": 0.020791572630793478,
            "max": 0.026732267776581768,
            "count": 14
        },
        "Tears.Losses.PolicyLoss.sum": {
            "value": 0.11371748320331487,
            "min": 0.10047968560344696,
            "max": 0.13366133888290885,
            "count": 14
        },
        "Tears.Losses.ValueLoss.mean": {
            "value": 6.401103455225626,
            "min": 1.4642471517125766,
            "max": 82.20892043275138,
            "count": 14
        },
        "Tears.Losses.ValueLoss.sum": {
            "value": 32.00551727612813,
            "min": 5.856988606850306,
            "max": 328.83568173100554,
            "count": 14
        },
        "Tears.Policy.LearningRate.mean": {
            "value": 1.1177239131428578e-05,
            "min": 1.1177239131428578e-05,
            "max": 0.00028889143227428564,
            "count": 14
        },
        "Tears.Policy.LearningRate.sum": {
            "value": 5.588619565714289e-05,
            "min": 5.588619565714289e-05,
            "max": 0.00134448005184,
            "count": 14
        },
        "Tears.Policy.Epsilon.mean": {
            "value": 0.10372571428571428,
            "min": 0.10372571428571428,
            "max": 0.1962971428571429,
            "count": 14
        },
        "Tears.Policy.Epsilon.sum": {
            "value": 0.5186285714285714,
            "min": 0.47118628571428567,
            "max": 0.94816,
            "count": 14
        },
        "Tears.Policy.Beta.mean": {
            "value": 0.00019591314285714298,
            "min": 0.00019591314285714298,
            "max": 0.004815227428571428,
            "count": 14
        },
        "Tears.Policy.Beta.sum": {
            "value": 0.000979565714285715,
            "min": 0.000979565714285715,
            "max": 0.022413184000000003,
            "count": 14
        },
        "Tears.Losses.CuriosityForwardLoss.mean": {
            "value": 3.076682187716166,
            "min": 1.9834550015131633,
            "max": 6.147040617465972,
            "count": 14
        },
        "Tears.Losses.CuriosityForwardLoss.sum": {
            "value": 15.38341093858083,
            "min": 8.060973207155863,
            "max": 24.58816246986389,
            "count": 14
        },
        "Tears.Losses.CuriosityInverseLoss.mean": {
            "value": 0.5535277171929678,
            "min": 0.1983484844366709,
            "max": 3.076761277516683,
            "count": 14
        },
        "Tears.Losses.CuriosityInverseLoss.sum": {
            "value": 2.7676385859648387,
            "min": 0.845218887925148,
            "max": 12.307045110066731,
            "count": 14
        },
        "Tears.IsTraining.mean": {
            "value": 1.0,
            "min": 1.0,
            "max": 1.0,
            "count": 14
        },
        "Tears.IsTraining.sum": {
            "value": 1.0,
            "min": 1.0,
            "max": 1.0,
            "count": 14
        }
    },
    "metadata": {
        "timer_format_version": "0.1.0",
        "start_time_seconds": "1687112817",
        "python_version": "3.9.16 (main, May 17 2023, 17:49:16) [MSC v.1916 64 bit (AMD64)]",
        "command_line_arguments": "C:\\Users\\terra\\miniconda3\\envs\\trainer-env\\Scripts\\mlagents-learn results/h30_o256_lr0-001_2/configuration.yaml --run-id h30_o256_lr0-001_2",
        "mlagents_version": "0.30.0",
        "mlagents_envs_version": "0.30.0",
        "communication_protocol_version": "1.5.0",
        "pytorch_version": "1.7.1+cu110",
        "numpy_version": "1.21.2",
        "end_time_seconds": "1687114310"
    },
    "total": 1493.2347338,
    "count": 1,
    "self": 0.3479244000000108,
    "children": {
        "run_training.setup": {
            "total": 0.12644850000000019,
            "count": 1,
            "self": 0.12644850000000019
        },
        "TrainerController.start_learning": {
            "total": 1492.7603609,
            "count": 1,
            "self": 3.918865100012681,
            "children": {
                "TrainerController._reset_env": {
                    "total": 2.2667387999999997,
                    "count": 1,
                    "self": 2.2667387999999997
                },
                "TrainerController.advance": {
                    "total": 1486.4240924999872,
                    "count": 116672,
                    "self": 3.7862035999976342,
                    "children": {
                        "env_step": {
                            "total": 1134.9517122999866,
                            "count": 116672,
                            "self": 797.7511019000294,
                            "children": {
                                "SubprocessEnvManager._take_step": {
                                    "total": 334.4890425999913,
                                    "count": 116672,
                                    "self": 10.213959199988835,
                                    "children": {
                                        "TorchPolicy.evaluate": {
                                            "total": 324.2750834000025,
                                            "count": 116672,
                                            "self": 324.2750834000025
                                        }
                                    }
                                },
                                "workers": {
                                    "total": 2.711567799965965,
                                    "count": 116672,
                                    "self": 0.0,
                                    "children": {
                                        "worker_root": {
                                            "total": 1485.5707464999864,
                                            "count": 116672,
                                            "is_parallel": true,
                                            "self": 886.9477810999891,
                                            "children": {
                                                "steps_from_proto": {
                                                    "total": 0.000513600000000114,
                                                    "count": 1,
                                                    "is_parallel": true,
                                                    "self": 0.0002475000000004002,
                                                    "children": {
                                                        "_process_rank_one_or_two_observation": {
                                                            "total": 0.0002660999999997138,
                                                            "count": 2,
                                                            "is_parallel": true,