{
    "name": "root",
    "gauges": {
        "Tears.Policy.Entropy.mean": {
            "value": 0.9182328581809998,
            "min": 0.6992591619491577,
            "max": 3.40054988861084,
            "count": 200
        },
        "Tears.Policy.Entropy.sum": {
            "value": 4583.818359375,
            "min": 3490.70166015625,
            "max": 18281.06640625,
            "count": 200
        },
        "Tears.Move.Up.mean": {
            "value": 0.16105769230769232,
            "min": 0.08513621794871795,
            "max": 0.3004807692307692,
            "count": 200
        },
        "Tears.Move.Up.sum": {
            "value": 4020.0,
            "min": 2125.0,
            "max": 7500.0,
            "count": 200
        },
        "Tears.Move.Down.mean": {
            "value": 0.06710737179487179,
            "min": 0.06710737179487179,
            "max": 0.2822516025641026,
            "count": 200
        },
        "Tears.Move.Down.sum": {
            "value": 1675.0,
            "min": 1675.0,
            "max": 7045.0,
            "count": 200
        },
        "Tears.Move.Left.mean": {
            "value": 0.6768830128205128,
            "min": 0.1778846153846154,
            "max": 0.6768830128205128,
            "count": 200
        },
        "Tears.Move.Left.sum": {
            "value": 16895.0,
            "min": 4440.0,
            "max": 16895.0,
            "count": 200
        },
        "Tears.Move.Right.mean": {
            "value": 0.07772435897435898,
            "min": 0.07131410256410256,
            "max": 0.3876201923076923,
            "count": 200
        },
        "Tears.Move.Right.sum": {
            "value": 1940.0,
            "min": 1780.0,
            "max": 9675.0,
            "count": 200
        },
        "Tears.Move.None.mean": {
            "value": 0.017227564102564104,
            "min": 0.0026041666666666665,
            "max": 0.2361778846153846,
            "count": 200
        },
        "Tears.Move.None.sum": {
            "value": 430.0,
            "min": 65.0,
            "max": 5895.0,
            "count": 200
        },
        "Tears.Rotate.Left.mean": {
            "value": 0.5933493589743589,
            "min": 0.1780849358974359,
            "max": 0.5933493589743589,
            "count": 200
        },
        "Tears.Rotate.Left.sum": {
            "value": 14810.0,
            "min": 4445.0,
            "max": 14810.0,
            "count": 200
        },
        "Tears.Rotate.Right.mean": {
            "value": 0.29407051282051283,
            "min": 0.17828525641025642,
            "max": 0.4186698717948718,
            "count": 200
        },
        "Tears.Rotate.Right.sum": {
            "value": 7340.0,
            "min": 4450.0,
            "max": 10450.0,
            "count": 200
        },
        "Tears.Rotate.None.mean": {
            "value": 0.11258012820512821,
            "min": 0.11258012820512821,
            "max": 0.6436298076923077,
            "count": 200
        },
        "Tears.Rotate.None.sum": {
            "value": 2810.0,
            "min": 2810.0,
            "max": 16065.0,
            "count": 200
        },
        "Tears.Sticky.NoChange.mean": {
            "value": 0.9030448717948718,
            "min": 0.47115384615384615,
            "max": 0.9795673076923077,
            "count": 200
        },
        "Tears.Sticky.NoChange.sum": {
            "value": 22540.0,
            "min": 11760.0,
            "max": 25635.0,
            "count": 200
        },
        "Tears.Sticky.Change.mean": {
            "value": 0.09695512820512821,
            "min": 0.020432692307692308,
            "max": 0.5288461538461539,
            "count": 200
        },
        "Tears.Sticky.Change.sum": {
            "value": 2420.0,
            "min": 510.0,
            "max": 13330.0,
            "count": 200
        },
        "Tears.Touch.Wall.mean": {
            "value": 0.9699118589743589,
            "min": 0.0,
            "max": 0.9699118589743589,
            "count": 200
        },
        "Tears.Touch.Wall.sum": {
            "value": 24209.0,
            "min": 0.0,
            "max": 24209.0,
            "count": 200
        },
        "Tears.Touch.Object.mean": {
            "value": 0.34042467948717947,
            "min": 0.0,
            "max": 0.6465144230769231,
            "count": 200
        },
        "Tears.Touch.Object.sum": {
            "value": 8497.0,
            "min": 0.0,
            "max": 16137.0,
            "count": 200
        },
        "Tears.Location.X.mean": {
            "value": -1.1868285950559836,
            "min": -2.231289006769657,
            "max": 3.6090385550298754,
            "count": 200
        },
        "Tears.Location.X.sum": {
            "value": -29623.24173259735,
            "min": -55692.97360897064,
            "max": 90081.60233354568,
            "count": 200
        },
        "Tears.Location.Y.mean": {
            "value": 0.26071283847380144,
            "min": -2.8150270812929823,
            "max": 1.6960576184332752,
            "count": 200
        },
        "Tears.Location.Y.sum": {
            "value": 6507.392448306084,
            "min": -70263.07594907284,
            "max": 42333.59815609455,
            "count": 200
        },
        "Tears.Sticky.NoneAttached.mean": {
            "value": 0.6073717948717948,
            "min": 0.565224358974359,
            "max": 1.0,
            "count": 200
        },
        "Tears.Sticky.NoneAttached.sum": {
            "value": 15160.0,
            "min": 14108.0,
            "max": 26750.0,
            "count": 200
        },
        "Tears.Sticky.OneAttached.mean": {
            "value": 0.028725961538461537,
            "min": 0.0,
            "max": 0.19735576923076922,
            "count": 200
        },
        "Tears.Sticky.OneAttached.sum": {
            "value": 717.0,
            "min": 0.0,
            "max": 4926.0,
            "count": 200
        },
        "Tears.Sticky.MultipleAttached.mean": {
            "value": 0.3639022435897436,
            "min": 0.0,
            "max": 0.40072115384615387,
            "count": 200
        },
        "Tears.Sticky.MultipleAttached.sum": {
            "value": 9083.0,
            "min": 0.0,
            "max": 10002.0,
            "count": 200
        },
        "Tears.Step.mean": {
            "value": 999936.0,
            "min": 4992.0,
            "max": 999936.0,
            "count": 200
        },
        "Tears.Step.sum": {
            "value": 999936.0,
            "min": 4992.0,
            "max": 999936.0,
            "count": 200
        },
        "Tears.Policy.CuriosityValueEstimate.mean": {
            "value": 33.02594757080078,
            "min": 0.03488964959979057,
            "max": 36.93791198730469,
            "count": 200
        },
        "Tears.Policy.CuriosityValueEstimate.sum": {
            "value": 2576.02392578125,
            "min": 2.7213926315307617,
            "max": 2881.1572265625,
            "count": 200
        },
        "Tears.IsTraining.mean": {
            "value": 1.0,
            "min": 1.0,
            "max": 1.0,
            "count": 200
        },
        "Tears.IsTraining.sum": {
            "value": 1.0,
            "min": 1.0,
            "max": 1.0,
            "count": 200
        },
        "Tears.Losses.PolicyLoss.mean": {
            "value": 0.023521218867972492,
            "min": 0.017111478588776662,
            "max": 0.03260289578853796,
            "count": 96
        },
        "Tears.Losses.PolicyLoss.sum": {
            "value": 0.023521218867972492,
            "min": 0.017111478588776662,
            "max": 0.03260289578853796,