{
    "name": "root",
    "gauges": {
        "Tears.Policy.Entropy.mean": {
            "value": 2.842045307159424,
            "min": 2.7434229850769043,
            "max": 3.3885793685913086,
            "count": 14
        },
        "Tears.Policy.Entropy.sum": {
            "value": 141874.90625,
            "min": 136951.671875,
            "max": 170459.09375,
            "count": 14
        },
        "Tears.Step.mean": {
            "value": 699968.0,
            "min": 49984.0,
            "max": 699968.0,
            "count": 14
        },
        "Tears.Step.sum": {
            "value": 699968.0,
            "min": 49984.0,
            "max": 699968.0,
            "count": 14
        },
        "Tears.Policy.CuriosityValueEstimate.mean": {
            "value": 94.40685272216797,
            "min": 6.492748737335205,
            "max": 97.86197662353516,
            "count": 14
        },
        "Tears.Policy.CuriosityValueEstimate.sum": {
            "value": 73731.75,
            "min": 5070.8369140625,
            "max": 76430.203125,
            "count": 14
        },
        "Tears.Losses.PolicyLoss.mean": {
            "value": 0.02048588137802047,
            "min": 0.02048588137802047,
            "max": 0.02727696759347964,
            "count": 14
        },
        "Tears.Losses.PolicyLoss.sum": {
            "value": 0.10242940689010235,
            "min": 0.0831525559949417,
            "max": 0.1363848379673982,
            "count": 14
        },
        "Tears.Losses.ValueLoss.mean": {
            "value": 35.482260615030924,
            "min": 4.406462854544321,
            "max": 83.06969466430601,
            "count": 14
        },
        "Tears.Losses.ValueLoss.sum": {
            "value": 177.41130307515462,
            "min": 22.032314272721607,
            "max": 332.27877865722405,
            "count": 14
        },
        "Tears.Policy.LearningRate.mean": {
            "value": 1.1177239131428578e-05,
            "min": 1.1177239131428578e-05,
            "max": 0.00028889143227428564,
            "count": 14
        },
        "Tears.Policy.LearningRate.sum": {
            "value": 5.588619565714289e-05,
            "min": 5.588619565714289e-05,
            "max": 0.00134448005184,
            "count": 14
        },
        "Tears.Policy.Epsilon.mean": {
            "value": 0.10372571428571428,
            "min": 0.10372571428571428,
            "max": 0.1962971428571429,
            "count": 14
        },
        "Tears.Policy.Epsilon.sum": {
            "value": 0.5186285714285714,
            "min": 0.47118628571428567,
            "max": 0.94816,
            "count": 14
        },
        "Tears.Policy.Beta.mean": {
            "value": 0.00019591314285714298,
            "min": 0.00019591314285714298,
            "max": 0.004815227428571428,
            "count": 14
        },
        "Tears.Policy.Beta.sum": {
            "value": 0.000979565714285715,
            "min": 0.000979565714285715,
            "max": 0.022413184000000003,
            "count": 14
        },
        "Tears.Losses.CuriosityForwardLoss.mean": {
            "value": 4.196371828715007,
            "min": 1.9722727322578433,
            "max": 9.73407785097758,
            "count": 14
        },
        "Tears.Losses.CuriosityForwardLoss.sum": {
            "value": 20.981859143575033,
            "min": 9.861363661289216,
            "max": 38.93631140391032,
            "count": 14
        },
        "Tears.Losses.CuriosityInverseLoss.mean": {
            "value": 1.5547102737426757,
            "min": 1.495137434800466,
            "max": 3.388831267754237,
            "count": 14
        },
        "Tears.Losses.CuriosityInverseLoss.sum": {
            "value": 7.773551368713378,
            "min": 6.501372222105662,
            "max": 14.48624637921651,
            "count": 14
        },
        "Tears.IsTraining.mean": {
            "value": 1.0,
            "min": 1.0,
            "max": 1.0,
            "count": 14
        },
        "Tears.IsTraining.sum": {
            "value": 1.0,
            "min": 1.0,
            "max": 1.0,
            "count": 14
        }
    },
    "metadata": {
        "timer_format_version": "0.1.0",
        "start_time_seconds": "1687099999",
        "python_version": "3.9.16 (main, May 17 2023, 17:49:16) [MSC v.1916 64 bit (AMD64)]",
        "command_line_arguments": "C:\\Users\\terra\\miniconda3\\envs\\trainer-env\\Scripts\\mlagents-learn results/h30_o256_lr0-0003/configuration.yaml --run-id h30_o256_lr0-0003",
        "mlagents_version": "0.30.0",
        "mlagents_envs_version": "0.30.0",
        "communication_protocol_version": "1.5.0",
        "pytorch_version": "1.7.1+cu110",
        "numpy_version": "1.21.2",
        "end_time_seconds": "1687101480"
    },
    "total": 1481.3540377,
    "count": 1,
    "self": 0.35317540000005465,
    "children": {
        "run_training.setup": {
            "total": 0.2469551000000001,
            "count": 1,
            "self": 0.2469551000000001
        },
        "TrainerController.start_learning": {
            "total": 1480.7539072,
            "count": 1,
            "self": 3.994614199986472,
            "children": {
                "TrainerController._reset_env": {
                    "total": 4.3974652999999995,
                    "count": 1,
                    "self": 4.3974652999999995
                },
                "TrainerController.advance": {
                    "total": 1472.1804740000134,
                    "count": 116672,
                    "self": 3.9113289000197256,
                    "children": {
                        "env_step": {
                            "total": 1124.9741090000034,
                            "count": 116672,
                            "self": 786.1867766999635,
                            "children": {
                                "SubprocessEnvManager._take_step": {
                                    "total": 336.1188366000549,
                                    "count": 116672,
                                    "self": 10.287795700058325,
                                    "children": {
                                        "TorchPolicy.evaluate": {
                                            "total": 325.8310408999966,
                                            "count": 116672,
                                            "self": 325.8310408999966
                                        }
                                    }
                                },
                                "workers": {
                                    "total": 2.668495699984928,
                                    "count": 116672,
                                    "self": 0.0,
                                    "children": {
                                        "worker_root": {
                                            "total": 1471.5007551999913,
                                            "count": 116672,
                                            "is_parallel": true,
                                            "self": 884.6857620999649,
                                            "children": {
                                                "steps_from_proto": {
                                                    "total": 0.0005598000000004433,
                                                    "count": 1,
                                                    "is_parallel": true,
                                                    "self": 0.0002737000000001544,
                                                    "children": {
                                                        "_process_rank_one_or_two_observation": {
                                                            "total": 0.0002861000000002889,
                                                            "count": 2,
                                                            "is_parallel": true,