{
    "name": "root",
    "gauges": {
        "Tears.Policy.Entropy.mean": {
            "value": 2.5170421600341797,
            "min": 2.5170421600341797,
            "max": 3.376685619354248,
            "count": 14
        },
        "Tears.Policy.Entropy.sum": {
            "value": 125650.75,
            "min": 125650.75,
            "max": 169860.796875,
            "count": 14
        },
        "Tears.Step.mean": {
            "value": 699968.0,
            "min": 49984.0,
            "max": 699968.0,
            "count": 14
        },
        "Tears.Step.sum": {
            "value": 699968.0,
            "min": 49984.0,
            "max": 699968.0,
            "count": 14
        },
        "Tears.Policy.CuriosityValueEstimate.mean": {
            "value": 97.12924194335938,
            "min": 8.057893753051758,
            "max": 97.12924194335938,
            "count": 14
        },
        "Tears.Policy.CuriosityValueEstimate.sum": {
            "value": 75857.9375,
            "min": 6293.21533203125,
            "max": 75857.9375,
            "count": 14
        },
        "Tears.Losses.PolicyLoss.mean": {
            "value": 0.02034602837782586,
            "min": 0.02034602837782586,
            "max": 0.02630973245172451,
            "count": 14
        },
        "Tears.Losses.PolicyLoss.sum": {
            "value": 0.1017301418891293,
            "min": 0.09053334992237676,
            "max": 0.13154866225862255,
            "count": 14
        },
        "Tears.Losses.ValueLoss.mean": {
            "value": 1.0180933920542399,
            "min": 0.7424304241935411,
            "max": 77.7015772785681,
            "count": 14
        },
        "Tears.Losses.ValueLoss.sum": {
            "value": 5.0904669602712,
            "min": 2.9697216967741644,
            "max": 310.8063091142724,
            "count": 14
        },
        "Tears.Policy.LearningRate.mean": {
            "value": 1.1177239131428578e-05,
            "min": 1.1177239131428578e-05,
            "max": 0.00028889143227428564,
            "count": 14
        },
        "Tears.Policy.LearningRate.sum": {
            "value": 5.588619565714289e-05,
            "min": 5.588619565714289e-05,
            "max": 0.00134448005184,
            "count": 14
        },
        "Tears.Policy.Epsilon.mean": {
            "value": 0.10372571428571428,
            "min": 0.10372571428571428,
            "max": 0.1962971428571429,
            "count": 14
        },
        "Tears.Policy.Epsilon.sum": {
            "value": 0.5186285714285714,
            "min": 0.47118628571428567,
            "max": 0.94816,
            "count": 14
        },
        "Tears.Policy.Beta.mean": {
            "value": 0.00019591314285714298,
            "min": 0.00019591314285714298,
            "max": 0.004815227428571428,
            "count": 14
        },
        "Tears.Policy.Beta.sum": {
            "value": 0.000979565714285715,
            "min": 0.000979565714285715,
            "max": 0.022413184000000003,
            "count": 14
        },
        "Tears.Losses.CuriosityForwardLoss.mean": {
            "value": 2.338307498296102,
            "min": 1.995365779598554,
            "max": 6.375025629997253,
            "count": 14
        },
        "Tears.Losses.CuriosityForwardLoss.sum": {
            "value": 11.69153749148051,
            "min": 7.981463118394216,
            "max": 25.500102519989014,
            "count": 14
        },
        "Tears.Losses.CuriosityInverseLoss.mean": {
            "value": 0.3886911867062251,
            "min": 0.3886911867062251,
            "max": 3.093473482131958,
            "count": 14
        },
        "Tears.Losses.CuriosityInverseLoss.sum": {
            "value": 1.9434559335311254,
            "min": 1.9434559335311254,
            "max": 12.373893928527831,
            "count": 14
        },
        "Tears.IsTraining.mean": {
            "value": 1.0,
            "min": 1.0,
            "max": 1.0,
            "count": 14
        },
        "Tears.IsTraining.sum": {
            "value": 1.0,
            "min": 1.0,
            "max": 1.0,
            "count": 14
        }
    },
    "metadata": {
        "timer_format_version": "0.1.0",
        "start_time_seconds": "1687114312",
        "python_version": "3.9.16 (main, May 17 2023, 17:49:16) [MSC v.1916 64 bit (AMD64)]",
        "command_line_arguments": "C:\\Users\\terra\\miniconda3\\envs\\trainer-env\\Scripts\\mlagents-learn results/h30_o256_lr0-001_3/configuration.yaml --run-id h30_o256_lr0-001_3",
        "mlagents_version": "0.30.0",
        "mlagents_envs_version": "0.30.0",
        "communication_protocol_version": "1.5.0",
        "pytorch_version": "1.7.1+cu110",
        "numpy_version": "1.21.2",
        "end_time_seconds": "1687115797"
    },
    "total": 1484.3042147,
    "count": 1,
    "self": 0.35991920000014943,
    "children": {
        "run_training.setup": {
            "total": 0.13408960000000003,
            "count": 1,
            "self": 0.13408960000000003
        },
        "TrainerController.start_learning": {
            "total": 1483.8102059,
            "count": 1,
            "self": 3.941713899995648,
            "children": {
                "TrainerController._reset_env": {
                    "total": 2.2302933,
                    "count": 1,
                    "self": 2.2302933
                },
                "TrainerController.advance": {
                    "total": 1477.4904125000044,
                    "count": 116672,
                    "self": 3.8281508999550624,
                    "children": {
                        "env_step": {
                            "total": 1124.715850900022,
                            "count": 116672,
                            "self": 789.1761316999838,
                            "children": {
                                "SubprocessEnvManager._take_step": {
                                    "total": 332.8747232000404,
                                    "count": 116672,
                                    "self": 9.936921100044401,
                                    "children": {
                                        "TorchPolicy.evaluate": {
                                            "total": 322.937802099996,
                                            "count": 116672,
                                            "self": 322.937802099996
                                        }
                                    }
                                },
                                "workers": {
                                    "total": 2.6649959999976742,
                                    "count": 116672,
                                    "self": 0.0,
                                    "children": {
                                        "worker_root": {
                                            "total": 1476.5176414999812,
                                            "count": 116672,
                                            "is_parallel": true,
                                            "self": 885.7029350999862,
                                            "children": {
                                                "steps_from_proto": {
                                                    "total": 0.0004865999999998927,
                                                    "count": 1,
                                                    "is_parallel": true,
                                                    "self": 0.00024109999999977205,
                                                    "children": {
                                                        "_process_rank_one_or_two_observation": {
                                                            "total": 0.0002455000000001206,
                                                            "count": 2,
                                                            "is_parallel": true,