{
    "name": "root",
    "gauges": {
        "Tears.Policy.Entropy.mean": {
            "value": 1.7935397624969482,
            "min": 1.7514718770980835,
            "max": 3.4004924297332764,
            "count": 300
        },
        "Tears.Policy.Entropy.sum": {
            "value": 8953.3505859375,
            "min": 8743.34765625,
            "max": 18280.71875,
            "count": 300
        },
        "Tears.Move.None.mean": {
            "value": 0.13501602564102563,
            "min": 0.05048076923076923,
            "max": 0.2065304487179487,
            "count": 300
        },
        "Tears.Move.None.sum": {
            "value": 3370.0,
            "min": 1260.0,
            "max": 5375.0,
            "count": 300
        },
        "Tears.Move.Up.mean": {
            "value": 0.20552884615384615,
            "min": 0.1702724358974359,
            "max": 0.3189102564102564,
            "count": 300
        },
        "Tears.Move.Up.sum": {
            "value": 5130.0,
            "min": 4250.0,
            "max": 8055.0,
            "count": 300
        },
        "Tears.Move.Down.mean": {
            "value": 0.20212339743589744,
            "min": 0.18048878205128205,
            "max": 0.3141025641025641,
            "count": 300
        },
        "Tears.Move.Down.sum": {
            "value": 5045.0,
            "min": 4505.0,
            "max": 7950.0,
            "count": 300
        },
        "Tears.Move.Left.mean": {
            "value": 0.23056891025641027,
            "min": 0.14543269230769232,
            "max": 0.26502403846153844,
            "count": 300
        },
        "Tears.Move.Left.sum": {
            "value": 5755.0,
            "min": 3630.0,
            "max": 6865.0,
            "count": 300
        },
        "Tears.Move.Right.mean": {
            "value": 0.2267628205128205,
            "min": 0.140625,
            "max": 0.26542467948717946,
            "count": 300
        },
        "Tears.Move.Right.sum": {
            "value": 5660.0,
            "min": 3510.0,
            "max": 6875.0,
            "count": 300
        },
        "Tears.Rotate.None.mean": {
            "value": 0.08453525641025642,
            "min": 0.03465544871794872,
            "max": 0.3926282051282051,
            "count": 300
        },
        "Tears.Rotate.None.sum": {
            "value": 2110.0,
            "min": 865.0,
            "max": 9800.0,
            "count": 300
        },
        "Tears.Rotate.Left.mean": {
            "value": 0.4593349358974359,
            "min": 0.31069711538461536,
            "max": 0.4831730769230769,
            "count": 300
        },
        "Tears.Rotate.Left.sum": {
            "value": 11465.0,
            "min": 7755.0,
            "max": 12925.0,
            "count": 300
        },
        "Tears.Rotate.Right.mean": {
            "value": 0.4561298076923077,
            "min": 0.2948717948717949,
            "max": 0.4859775641025641,
            "count": 300
        },
        "Tears.Rotate.Right.sum": {
            "value": 11385.0,
            "min": 7360.0,
            "max": 12940.0,
            "count": 300
        },
        "Tears.Sticky.NoChange.mean": {
            "value": 0.4114583333333333,
            "min": 0.34354967948717946,
            "max": 0.7055288461538461,
            "count": 300
        },
        "Tears.Sticky.NoChange.sum": {
            "value": 10270.0,
            "min": 8575.0,
            "max": 17610.0,
            "count": 300
        },
        "Tears.Sticky.Change.mean": {
            "value": 0.5885416666666666,
            "min": 0.29447115384615385,
            "max": 0.6564503205128205,
            "count": 300
        },
        "Tears.Sticky.Change.sum": {
            "value": 14690.0,
            "min": 7350.0,
            "max": 16990.0,
            "count": 300
        },
        "Tears.Touch.Wall.mean": {
            "value": 0.16666666666666666,
            "min": 0.0,
            "max": 0.3126602564102564,
            "count": 300
        },
        "Tears.Touch.Wall.sum": {
            "value": 4160.0,
            "min": 0.0,
            "max": 7804.0,
            "count": 300
        },
        "Tears.Touch.Object.mean": {
            "value": 0.0,
            "min": 0.0,
            "max": 0.16802884615384617,
            "count": 300
        },
        "Tears.Touch.Object.sum": {
            "value": 0.0,
            "min": 0.0,
            "max": 4480.0,
            "count": 300
        },
        "Tears.Location.X.mean": {
            "value": 3.5188692267888633,
            "min": 0.045267353474329676,
            "max": 5.289818005110973,
            "count": 300
        },
        "Tears.Location.X.sum": {
            "value": 87830.97590065002,
            "min": 1129.8731427192688,
            "max": 132033.85740756989,
            "count": 300
        },
        "Tears.Location.Y.mean": {
            "value": 0.17726384076552512,
            "min": -4.300161282570126,
            "max": 2.856651400712629,
            "count": 300
        },
        "Tears.Location.Y.sum": {
            "value": 4424.505465507507,
            "min": -107332.02561295033,
            "max": 71302.01896178722,
            "count": 300
        },
        "Tears.Sticky.NoneAttached.mean": {
            "value": 1.0,
            "min": 0.952323717948718,
            "max": 1.0,
            "count": 300
        },
        "Tears.Sticky.NoneAttached.sum": {
            "value": 24960.0,
            "min": 23770.0,
            "max": 26880.0,
            "count": 300
        },
        "Tears.Sticky.OneAttached.mean": {
            "value": 0.0,
            "min": 0.0,
            "max": 0.04767628205128205,
            "count": 300
        },
        "Tears.Sticky.OneAttached.sum": {
            "value": 0.0,
            "min": 0.0,
            "max": 1190.0,
            "count": 300
        },
        "Tears.Sticky.MultipleAttached.mean": {
            "value": 0.0,
            "min": 0.0,
            "max": 0.002403846153846154,
            "count": 300
        },
        "Tears.Sticky.MultipleAttached.sum": {
            "value": 0.0,
            "min": 0.0,
            "max": 60.0,
            "count": 300
        },
        "Tears.Step.mean": {
            "value": 1499968.0,
            "min": 4992.0,
            "max": 1499968.0,
            "count": 300
        },
        "Tears.Step.sum": {
            "value": 1499968.0,
            "min": 4992.0,
            "max": 1499968.0,
            "count": 300
        },
        "Tears.Policy.CuriosityValueEstimate.mean": {
            "value": 99.11384582519531,
            "min": 0.16193442046642303,
            "max": 99.28166961669922,
            "count": 300
        },
        "Tears.Policy.CuriosityValueEstimate.sum": {
            "value": 7730.8798828125,
            "min": 12.630885124206543,
            "max": 7843.251953125,
            "count": 300
        },
        "Tears.IsTraining.mean": {
            "value": 1.0,
            "min": 1.0,
            "max": 1.0,
            "count": 300
        },
        "Tears.IsTraining.sum": {
            "value": 1.0,
            "min": 1.0,
            "max": 1.0,
            "count": 300
        },
        "Tears.Losses.PolicyLoss.mean": {
            "value": 0.026568439908442088,
            "min": 0.015369429311249405,
            "max": 0.03503565637705227,
            "count": 144
        },
        "Tears.Losses.PolicyLoss.sum": {
            "value": 0.026568439908442088,
            "min": 0.015369429311249405,
            "max": 0.03503565637705227,
            "count": 144
        },