{
    "name": "root",
    "gauges": {
        "Tears.Policy.Entropy.mean": {
            "value": 2.7404696941375732,
            "min": 2.7404696941375732,
            "max": 3.3923075199127197,
            "count": 14
        },
        "Tears.Policy.Entropy.sum": {
            "value": 136804.25,
            "min": 136804.25,
            "max": 170646.640625,
            "count": 14
        },
        "Tears.Step.mean": {
            "value": 699968.0,
            "min": 49984.0,
            "max": 699968.0,
            "count": 14
        },
        "Tears.Step.sum": {
            "value": 699968.0,
            "min": 49984.0,
            "max": 699968.0,
            "count": 14
        },
        "Tears.Policy.CuriosityValueEstimate.mean": {
            "value": 95.43209838867188,
            "min": 5.940773963928223,
            "max": 95.43209838867188,
            "count": 14
        },
        "Tears.Policy.CuriosityValueEstimate.sum": {
            "value": 74532.46875,
            "min": 4639.74462890625,
            "max": 74532.46875,
            "count": 14
        },
        "Tears.Losses.PolicyLoss.mean": {
            "value": 0.024070261145825497,
            "min": 0.019929134300764418,
            "max": 0.025839864210914436,
            "count": 14
        },
        "Tears.Losses.PolicyLoss.sum": {
            "value": 0.12035130572912749,
            "min": 0.07971653720305767,
            "max": 0.12919932105457219,
            "count": 14
        },
        "Tears.Losses.ValueLoss.mean": {
            "value": 10.175965690612793,
            "min": 6.404150969187418,
            "max": 76.59734790908793,
            "count": 14
        },
        "Tears.Losses.ValueLoss.sum": {
            "value": 50.879828453063965,
            "min": 32.02075484593709,
            "max": 306.3893916363517,
            "count": 14
        },
        "Tears.Policy.LearningRate.mean": {
            "value": 1.1177239131428578e-05,
            "min": 1.1177239131428578e-05,
            "max": 0.00028889143227428564,
            "count": 14
        },
        "Tears.Policy.LearningRate.sum": {
            "value": 5.588619565714289e-05,
            "min": 5.588619565714289e-05,
            "max": 0.00134448005184,
            "count": 14
        },
        "Tears.Policy.Epsilon.mean": {
            "value": 0.10372571428571428,
            "min": 0.10372571428571428,
            "max": 0.1962971428571429,
            "count": 14
        },
        "Tears.Policy.Epsilon.sum": {
            "value": 0.5186285714285714,
            "min": 0.47118628571428567,
            "max": 0.94816,
            "count": 14
        },
        "Tears.Policy.Beta.mean": {
            "value": 0.00019591314285714298,
            "min": 0.00019591314285714298,
            "max": 0.004815227428571428,
            "count": 14
        },
        "Tears.Policy.Beta.sum": {
            "value": 0.000979565714285715,
            "min": 0.000979565714285715,
            "max": 0.022413184000000003,
            "count": 14
        },
        "Tears.Losses.CuriosityForwardLoss.mean": {
            "value": 2.737913352648417,
            "min": 1.8788061785697938,
            "max": 5.623832978804906,
            "count": 14
        },
        "Tears.Losses.CuriosityForwardLoss.sum": {
            "value": 13.689566763242086,
            "min": 7.962598355611165,
            "max": 22.495331915219623,
            "count": 14
        },
        "Tears.Losses.CuriosityInverseLoss.mean": {
            "value": 1.2062800796826683,
            "min": 1.2062800796826683,
            "max": 3.2033323923746746,
            "count": 14
        },
        "Tears.Losses.CuriosityInverseLoss.sum": {
            "value": 6.031400398413341,
            "min": 4.880642716089884,
            "max": 12.813329569498698,
            "count": 14
        },
        "Tears.IsTraining.mean": {
            "value": 1.0,
            "min": 1.0,
            "max": 1.0,
            "count": 14
        },
        "Tears.IsTraining.sum": {
            "value": 1.0,
            "min": 1.0,
            "max": 1.0,
            "count": 14
        }
    },
    "metadata": {
        "timer_format_version": "0.1.0",
        "start_time_seconds": "1687111350",
        "python_version": "3.9.16 (main, May 17 2023, 17:49:16) [MSC v.1916 64 bit (AMD64)]",
        "command_line_arguments": "C:\\Users\\terra\\miniconda3\\envs\\trainer-env\\Scripts\\mlagents-learn results/h30_o256_lr0-001_1/configuration.yaml --run-id h30_o256_lr0-001_1",
        "mlagents_version": "0.30.0",
        "mlagents_envs_version": "0.30.0",
        "communication_protocol_version": "1.5.0",
        "pytorch_version": "1.7.1+cu110",
        "numpy_version": "1.21.2",
        "end_time_seconds": "1687112814"
    },
    "total": 1463.9724371,
    "count": 1,
    "self": 0.4700407999998788,
    "children": {
        "run_training.setup": {
            "total": 0.28181610000000035,
            "count": 1,
            "self": 0.28181610000000035
        },
        "TrainerController.start_learning": {
            "total": 1463.2205802,
            "count": 1,
            "self": 3.919195900019986,
            "children": {
                "TrainerController._reset_env": {
                    "total": 3.5726058999999992,
                    "count": 1,
                    "self": 3.5726058999999992
                },
                "TrainerController.advance": {
                    "total": 1455.5854495999802,
                    "count": 116672,
                    "self": 3.7012375999599954,
                    "children": {
                        "env_step": {
                            "total": 1107.1563934000285,
                            "count": 116672,
                            "self": 780.3482926000452,
                            "children": {
                                "SubprocessEnvManager._take_step": {
                                    "total": 324.15148849998434,
                                    "count": 116672,
                                    "self": 9.869498199982559,
                                    "children": {
                                        "TorchPolicy.evaluate": {
                                            "total": 314.2819903000018,
                                            "count": 116672,
                                            "self": 314.2819903000018
                                        }
                                    }
                                },
                                "workers": {
                                    "total": 2.656612299998905,
                                    "count": 116672,
                                    "self": 0.0,
                                    "children": {
                                        "worker_root": {
                                            "total": 1454.7821178999816,
                                            "count": 116672,
                                            "is_parallel": true,
                                            "self": 869.7127277999778,
                                            "children": {
                                                "steps_from_proto": {
                                                    "total": 0.004458500000000143,
                                                    "count": 1,
                                                    "is_parallel": true,
                                                    "self": 0.002112100000000172,
                                                    "children": {
                                                        "_process_rank_one_or_two_observation": {
                                                            "total": 0.0023463999999999707,
                                                            "count": 2,
                                                            "is_parallel": true,