{
    "name": "root",
    "gauges": {
        "Tears.Policy.Entropy.mean": {
            "value": 1.5512171983718872,
            "min": 1.4342800378799438,
            "max": 3.4005792140960693,
            "count": 200
        },
        "Tears.Policy.Entropy.sum": {
            "value": 7743.67626953125,
            "min": 7159.92578125,
            "max": 18281.28515625,
            "count": 200
        },
        "Tears.Move.Down.mean": {
            "value": 0.06790865384615384,
            "min": 0.04366987179487179,
            "max": 0.23157051282051283,
            "count": 200
        },
        "Tears.Move.Down.sum": {
            "value": 1695.0,
            "min": 1090.0,
            "max": 5780.0,
            "count": 200
        },
        "Tears.Move.Up.mean": {
            "value": 0.08413461538461539,
            "min": 0.04907852564102564,
            "max": 0.27784455128205127,
            "count": 200
        },
        "Tears.Move.Up.sum": {
            "value": 2100.0,
            "min": 1225.0,
            "max": 6935.0,
            "count": 200
        },
        "Tears.Move.Left.mean": {
            "value": 0.08774038461538461,
            "min": 0.013822115384615384,
            "max": 0.20112179487179488,
            "count": 200
        },
        "Tears.Move.Left.sum": {
            "value": 2190.0,
            "min": 345.0,
            "max": 5315.0,
            "count": 200
        },
        "Tears.Move.Right.mean": {
            "value": 0.21834935897435898,
            "min": 0.1141826923076923,
            "max": 0.23938301282051283,
            "count": 200
        },
        "Tears.Move.Right.sum": {
            "value": 5450.0,
            "min": 2850.0,
            "max": 6260.0,
            "count": 200
        },
        "Tears.Move.None.mean": {
            "value": 0.5418669871794872,
            "min": 0.1935096153846154,
            "max": 0.7736378205128205,
            "count": 200
        },
        "Tears.Move.None.sum": {
            "value": 13525.0,
            "min": 4830.0,
            "max": 20110.0,
            "count": 200
        },
        "Tears.Rotate.None.mean": {
            "value": 0.16686698717948717,
            "min": 0.07347470238095238,
            "max": 0.37880608974358976,
            "count": 200
        },
        "Tears.Rotate.None.sum": {
            "value": 4165.0,
            "min": 1835.0,
            "max": 9455.0,
            "count": 200
        },
        "Tears.Rotate.Left.mean": {
            "value": 0.41646634615384615,
            "min": 0.3016826923076923,
            "max": 0.4635416666666667,
            "count": 200
        },
        "Tears.Rotate.Left.sum": {
            "value": 10395.0,
            "min": 7530.0,
            "max": 12455.0,
            "count": 200
        },
        "Tears.Rotate.Right.mean": {
            "value": 0.4166666666666667,
            "min": 0.3056891025641026,
            "max": 0.46374198717948717,
            "count": 200
        },
        "Tears.Rotate.Right.sum": {
            "value": 10400.0,
            "min": 7630.0,
            "max": 12450.0,
            "count": 200
        },
        "Tears.Sticky.NoChange.mean": {
            "value": 0.5348557692307693,
            "min": 0.3996394230769231,
            "max": 0.5775240384615384,
            "count": 200
        },
        "Tears.Sticky.NoChange.sum": {
            "value": 13350.0,
            "min": 9975.0,
            "max": 15335.0,
            "count": 200
        },
        "Tears.Sticky.Change.mean": {
            "value": 0.4651442307692308,
            "min": 0.42247596153846156,
            "max": 0.6003605769230769,
            "count": 200
        },
        "Tears.Sticky.Change.sum": {
            "value": 11610.0,
            "min": 10545.0,
            "max": 14985.0,
            "count": 200
        },
        "Tears.Touch.Wall.mean": {
            "value": 0.32740384615384616,
            "min": 0.002306547619047619,
            "max": 0.4959535256410256,
            "count": 200
        },
        "Tears.Touch.Wall.sum": {
            "value": 8172.0,
            "min": 62.0,
            "max": 12379.0,
            "count": 200
        },
        "Tears.Touch.Object.mean": {
            "value": 0.0,
            "min": 0.0,
            "max": 0.1608173076923077,
            "count": 200
        },
        "Tears.Touch.Object.sum": {
            "value": 0.0,
            "min": 0.0,
            "max": 4014.0,
            "count": 200
        },
        "Tears.Location.X.mean": {
            "value": -0.6033203913233219,
            "min": -3.1797628737604007,
            "max": 4.577044281439903,
            "count": 200
        },
        "Tears.Location.X.sum": {
            "value": -15058.876967430115,
            "min": -79366.8813290596,
            "max": 114243.02526473999,
            "count": 200
        },
        "Tears.Location.Y.mean": {
            "value": -3.642192609087588,
            "min": -3.788808379441691,
            "max": 4.217498126205726,
            "count": 200
        },
        "Tears.Location.Y.sum": {
            "value": -90909.1275228262,
            "min": -98535.0471137762,
            "max": 105268.75323009491,
            "count": 200
        },
        "Tears.Sticky.NoneAttached.mean": {
            "value": 1.0,
            "min": 0.9208333333333333,
            "max": 1.0,
            "count": 200
        },
        "Tears.Sticky.NoneAttached.sum": {
            "value": 24960.0,
            "min": 22984.0,
            "max": 26880.0,
            "count": 200
        },
        "Tears.Sticky.OneAttached.mean": {
            "value": 0.0,
            "min": 0.0,
            "max": 0.07083333333333333,
            "count": 200
        },
        "Tears.Sticky.OneAttached.sum": {
            "value": 0.0,
            "min": 0.0,
            "max": 1768.0,
            "count": 200
        },
        "Tears.Sticky.MultipleAttached.mean": {
            "value": 0.0,
            "min": 0.0,
            "max": 0.008333333333333333,
            "count": 200
        },
        "Tears.Sticky.MultipleAttached.sum": {
            "value": 0.0,
            "min": 0.0,
            "max": 208.0,
            "count": 200
        },
        "Tears.Step.mean": {
            "value": 999936.0,
            "min": 4992.0,
            "max": 999936.0,
            "count": 200
        },
        "Tears.Step.sum": {
            "value": 999936.0,
            "min": 4992.0,
            "max": 999936.0,
            "count": 200
        },
        "Tears.Policy.CuriosityValueEstimate.mean": {
            "value": 0.13095428049564362,
            "min": -0.18948470056056976,
            "max": 0.3225393295288086,
            "count": 200
        },
        "Tears.Policy.CuriosityValueEstimate.sum": {
            "value": 10.214433670043945,
            "min": -14.779806137084961,
            "max": 25.15806770324707,
            "count": 200
        },
        "Tears.IsTraining.mean": {
            "value": 1.0,
            "min": 1.0,
            "max": 1.0,
            "count": 200
        },
        "Tears.IsTraining.sum": {
            "value": 1.0,
            "min": 1.0,
            "max": 1.0,
            "count": 200
        },
        "Tears.Losses.PolicyLoss.mean": {
            "value": 0.02735457590703542,
            "min": 0.015955444369077063,
            "max": 0.0365858413434277,
            "count": 96
        },
        "Tears.Losses.PolicyLoss.sum": {
            "value": 0.02735457590703542,
            "min": 0.015955444369077063,
            "max": 0.0365858413434277,
            "count": 96
        },